{"cameraMode":{"drawMode":0,"name":"Shaded","section":"Shading Mode"},"sceneLighting":true,"audioPlay":false,"sceneViewState":{"showFog":true,"showMaterialUpdate":false,"showSkybox":true,"showFlares":true,"showImageEffects":true,"showParticleSystems":true,"showVisualEffectGraphs":true,"m_FxEnabled":true},"in2DMode":false,"pivot":{"x":5.437341213226318,"y":4.370331287384033,"z":24.35342025756836},"rotation":{"x":0.05395270511507988,"y":0.029947610571980478,"z":0.0015765409916639329,"w":-0.9981350302696228},"size":7.043613910675049,"orthographic":false}